<?xml version="1.0" encoding="UTF-8"?>
<root>
  <item name="com.jude.rollviewpager.hintview.IconHintView IconHintView(android.content.Context, int, int) 1">
    <annotation name="android.support.annotation.DrawableRes" />
  </item>
  <item name="com.jude.rollviewpager.hintview.IconHintView IconHintView(android.content.Context, int, int) 2">
    <annotation name="android.support.annotation.DrawableRes" />
  </item>
  <item name="com.jude.rollviewpager.hintview.IconHintView IconHintView(android.content.Context, int, int, int) 1">
    <annotation name="android.support.annotation.DrawableRes" />
  </item>
  <item name="com.jude.rollviewpager.hintview.IconHintView IconHintView(android.content.Context, int, int, int) 2">
    <annotation name="android.support.annotation.DrawableRes" />
  </item>
</root>

